Product Id,Product Name,Product Price,Product URL
30,투다 28 C4,"19,000원 85,000원",https://www.top50glasses.com/shop/goods/store.php?category=10&pc=Todar_28_C4
31,투다 28 C2,"19,000원 85,000원",https://www.top50glasses.com/shop/goods/store.php?category=10&pc=Todar_28_C2
32,투다 28 C1,"19,000원 85,000원",https://www.top50glasses.com/shop/goods/store.php?category=10&pc=Todar_28_C1
33,투다 27 C8,"19,000원 85,000원",https://www.top50glasses.com/shop/goods/store.php?category=10&pc=Todar_27_C8
34,투다 27 C7,"19,000원 85,000원",https://www.top50glasses.com/shop/goods/store.php?category=10&pc=Todar_27_C7
35,투다 27 C5,"19,000원 85,000원",https://www.top50glasses.com/shop/goods/store.php?category=10&pc=Todar_27_C5
36,투다 27 C4,"19,000원 85,000원",https://www.top50glasses.com/shop/goods/store.php?category=10&pc=Todar_27_C4
37,투다 27 C2,"19,000원 85,000원",https://www.top50glasses.com/shop/goods/store.php?category=10&pc=Todar_27_C2
38,투다 27 C1,"19,000원 85,000원",https://www.top50glasses.com/shop/goods/store.php?category=10&pc=Todar_27_C1
39,투다 26 C8,"19,000원 85,000원",https://www.top50glasses.com/shop/goods/store.php?category=10&pc=Todar_26_C8
40,투다 26 C7,"19,000원 85,000원",https://www.top50glasses.com/shop/goods/store.php?category=10&pc=Todar_26_C7
41,투다 26 C5,"19,000원 85,000원",https://www.top50glasses.com/shop/goods/store.php?category=10&pc=Todar_26_C5
42,투다 26 C4,"19,000원 85,000원",https://www.top50glasses.com/shop/goods/store.php?category=10&pc=Todar_26_C4
43,투다 26 C2,"19,000원 85,000원",https://www.top50glasses.com/shop/goods/store.php?category=10&pc=Todar_26_C2
44,투다 26 C1,"19,000원 85,000원",https://www.top50glasses.com/shop/goods/store.php?category=10&pc=Todar_26_C1
45,투다 25 C8,"19,000원 85,000원",https://www.top50glasses.com/shop/goods/store.php?category=10&pc=Todar_25_C8
46,투다 25 C7,"19,000원 85,000원",https://www.top50glasses.com/shop/goods/store.php?category=10&pc=Todar_25_C7
47,투다 25 C5,"19,000원 85,000원",https://www.top50glasses.com/shop/goods/store.php?category=10&pc=Todar_25_C5
48,투다 25 C2,"19,000원 85,000원",https://www.top50glasses.com/shop/goods/store.php?category=10&pc=Todar_25_C2
49,투다 24 C8,"19,000원 85,000원",https://www.top50glasses.com/shop/goods/store.php?category=10&pc=Todar_24_C8
50,투다 24 C7M,"19,000원 85,000원",https://www.top50glasses.com/shop/goods/store.php?category=10&pc=Todar_24_C7M
51,투다 24 C7,"19,000원 85,000원",https://www.top50glasses.com/shop/goods/store.php?category=10&pc=Todar_24_C7
52,투다 24 C6,"19,000원 85,000원",https://www.top50glasses.com/shop/goods/store.php?category=10&pc=Todar_24_C6
53,투다 24 C5,"19,000원 85,000원",https://www.top50glasses.com/shop/goods/store.php?category=10&pc=Todar_24_C5
54,투다 24 C4,"19,000원 85,000원",https://www.top50glasses.com/shop/goods/store.php?category=10&pc=Todar_24_C4
55,투다 24 C3,"19,000원 85,000원",https://www.top50glasses.com/shop/goods/store.php?category=10&pc=Todar_24_C3
56,투다 24 C2,"19,000원 85,000원",https://www.top50glasses.com/shop/goods/store.php?category=10&pc=Todar_24_C2
57,투다 24 C1,"19,000원 85,000원",https://www.top50glasses.com/shop/goods/store.php?category=10&pc=Todar_24_C1
58,투다 22 C9,"19,000원 85,000원",https://www.top50glasses.com/shop/goods/store.php?category=10&pc=Todar_22_C9
59,투다 22 C8,"19,000원 85,000원",https://www.top50glasses.com/shop/goods/store.php?category=10&pc=Todar_22_C8
60,투다 22 C7,"19,000원 85,000원",https://www.top50glasses.com/shop/goods/store.php?category=10&pc=Todar_22_C7
61,투다 22 C6,"19,000원 85,000원",https://www.top50glasses.com/shop/goods/store.php?category=10&pc=Todar_22_C6
62,투다 22 C5,"19,000원 85,000원",https://www.top50glasses.com/shop/goods/store.php?category=10&pc=Todar_22_C5
63,투다 21 C9,"19,000원 85,000원",https://www.top50glasses.com/shop/goods/store.php?category=10&pc=Todar_21_C9
64,투다 21 C8,"19,000원 85,000원",https://www.top50glasses.com/shop/goods/store.php?category=10&pc=Todar_21_C8
65,투다 21 C7,"19,000원 85,000원",https://www.top50glasses.com/shop/goods/store.php?category=10&pc=Todar_21_C7
66,투다 21 C6,"19,000원 85,000원",https://www.top50glasses.com/shop/goods/store.php?category=10&pc=Todar_21_C6
67,투다 21 C5,"19,000원 85,000원",https://www.top50glasses.com/shop/goods/store.php?category=10&pc=Todar_21_C5
68,투다 20 C8,"19,000원 85,000원",https://www.top50glasses.com/shop/goods/store.php?category=10&pc=Todar_20_C8
69,투다 20 C7M,"19,000원 85,000원",https://www.top50glasses.com/shop/goods/store.php?category=10&pc=Todar_20_C7M
70,투다 20 C7,"19,000원 85,000원",https://www.top50glasses.com/shop/goods/store.php?category=10&pc=Todar_20_C7
71,투다 20 C6,"19,000원 85,000원",https://www.top50glasses.com/shop/goods/store.php?category=10&pc=Todar_20_C6
72,투다 20 C5,"19,000원 85,000원",https://www.top50glasses.com/shop/goods/store.php?category=10&pc=Todar_20_C5
73,투다 20 C4,"19,000원 85,000원",https://www.top50glasses.com/shop/goods/store.php?category=10&pc=Todar_20_C4
74,투다 20 C3,"19,000원 85,000원",https://www.top50glasses.com/shop/goods/store.php?category=10&pc=Todar_20_C3
75,투다 20 C2,"19,000원 85,000원",https://www.top50glasses.com/shop/goods/store.php?category=10&pc=Todar_20_C2
76,투다 20 C1,"19,000원 85,000원",https://www.top50glasses.com/shop/goods/store.php?category=10&pc=Todar_20_C1
77,투다 19 C8,"19,000원 85,000원",https://www.top50glasses.com/shop/goods/store.php?category=10&pc=Todar_19_C8
78,투다 19 C7M,"19,000원 85,000원",https://www.top50glasses.com/shop/goods/store.php?category=10&pc=Todar_19_C7M
79,투다 19 C7,"19,000원 85,000원",https://www.top50glasses.com/shop/goods/store.php?category=10&pc=Todar_19_C7
80,투다 19 C6,"19,000원 85,000원",https://www.top50glasses.com/shop/goods/store.php?category=10&pc=Todar_19_C6
81,투다 19 C5,"19,000원 85,000원",https://www.top50glasses.com/shop/goods/store.php?category=10&pc=Todar_19_C5
82,투다 19 C4,"19,000원 85,000원",https://www.top50glasses.com/shop/goods/store.php?category=10&pc=Todar_19_C4
83,투다 19 C3,"19,000원 85,000원",https://www.top50glasses.com/shop/goods/store.php?category=10&pc=Todar_19_C3
84,투다 19 C2,"19,000원 85,000원",https://www.top50glasses.com/shop/goods/store.php?category=10&pc=Todar_19_C2
85,투다 19 C1,"19,000원 85,000원",https://www.top50glasses.com/shop/goods/store.php?category=10&pc=Todar_19_C1
86,투다 18 C8,"19,000원 85,000원",https://www.top50glasses.com/shop/goods/store.php?category=10&pc=Todar_18_C8
87,투다 18 C7M,"19,000원 85,000원",https://www.top50glasses.com/shop/goods/store.php?category=10&pc=Todar_18_C7M
88,투다 18 C7,"19,000원 85,000원",https://www.top50glasses.com/shop/goods/store.php?category=10&pc=Todar_18_C7
89,투다 18 C6,"19,000원 85,000원",https://www.top50glasses.com/shop/goods/store.php?category=10&pc=Todar_18_C6
90,투다 18 C5,"19,000원 85,000원",https://www.top50glasses.com/shop/goods/store.php?category=10&pc=Todar_18_C5
91,투다 18 C4,"19,000원 85,000원",https://www.top50glasses.com/shop/goods/store.php?category=10&pc=Todar_18_C4
92,투다 18 C3,"19,000원 85,000원",https://www.top50glasses.com/shop/goods/store.php?category=10&pc=Todar_18_C3
93,투다 18 C2,"19,000원 85,000원",https://www.top50glasses.com/shop/goods/store.php?category=10&pc=Todar_18_C2
94,투다 18 C1,"19,000원 85,000원",https://www.top50glasses.com/shop/goods/store.php?category=10&pc=Todar_18_C1
95,투다 17 C8,"19,000원 85,000원",https://www.top50glasses.com/shop/goods/store.php?category=10&pc=Todar_17_C8
96,투다 17 C7M,"19,000원 85,000원",https://www.top50glasses.com/shop/goods/store.php?category=10&pc=Todar_17_C7M
97,투다 17 C7,"19,000원 85,000원",https://www.top50glasses.com/shop/goods/store.php?category=10&pc=Todar_17_C7
98,투다 17 C6,"19,000원 85,000원",https://www.top50glasses.com/shop/goods/store.php?category=10&pc=Todar_17_C6
99,투다 17 C5,"19,000원 85,000원",https://www.top50glasses.com/shop/goods/store.php?category=10&pc=Todar_17_C5
100,투다 17 C4,"19,000원 85,000원",https://www.top50glasses.com/shop/goods/store.php?category=10&pc=Todar_17_C4
101,투다 17 C3,"19,000원 85,000원",https://www.top50glasses.com/shop/goods/store.php?category=10&pc=Todar_17_C3
102,투다 17 C2,"19,000원 85,000원",https://www.top50glasses.com/shop/goods/store.php?category=10&pc=Todar_17_C2
103,투다 17 C1,"19,000원 85,000원",https://www.top50glasses.com/shop/goods/store.php?category=10&pc=Todar_17_C1
104,투다 16 C8,"19,000원 85,000원",https://www.top50glasses.com/shop/goods/store.php?category=10&pc=Todar_16_C8
105,투다 16 C7,"19,000원 85,000원",https://www.top50glasses.com/shop/goods/store.php?category=10&pc=Todar_16_C7
106,투다 16 C5,"19,000원 85,000원",https://www.top50glasses.com/shop/goods/store.php?category=10&pc=Todar_16_C5
107,투다 16 C2,"19,000원 85,000원",https://www.top50glasses.com/shop/goods/store.php?category=10&pc=Todar_16_C2
108,투다 12 C8,"19,000원 85,000원",https://www.top50glasses.com/shop/goods/store.php?category=10&pc=Todar_12_C8
109,투다 12 C7M,"19,000원 85,000원",https://www.top50glasses.com/shop/goods/store.php?category=10&pc=Todar_12_C7M
110,투다 12 C7,"19,000원 85,000원",https://www.top50glasses.com/shop/goods/store.php?category=10&pc=Todar_12_C7
111,투다 12 C6,"19,000원 85,000원",https://www.top50glasses.com/shop/goods/store.php?category=10&pc=Todar_12_C6
112,투다 12 C5,"19,000원 85,000원",https://www.top50glasses.com/shop/goods/store.php?category=10&pc=Todar_12_C5
113,투다 12 C4,"19,000원 85,000원",https://www.top50glasses.com/shop/goods/store.php?category=10&pc=Todar_12_C4
114,투다 12 C3,"19,000원 85,000원",https://www.top50glasses.com/shop/goods/store.php?category=10&pc=Todar_12_C3
115,투다 12 C2,"19,000원 85,000원",https://www.top50glasses.com/shop/goods/store.php?category=10&pc=Todar_12_C2
116,투다 12 C1,"19,000원 85,000원",https://www.top50glasses.com/shop/goods/store.php?category=10&pc=Todar_12_C1
117,투다 11 C8,"19,000원 85,000원",https://www.top50glasses.com/shop/goods/store.php?category=10&pc=Todar_11_C8
118,투다 11 C7M,"19,000원 85,000원",https://www.top50glasses.com/shop/goods/store.php?category=10&pc=Todar_11_C7M
119,투다 11 C7,"19,000원 85,000원",https://www.top50glasses.com/shop/goods/store.php?category=10&pc=Todar_11_C7
120,투다 11 C6,"19,000원 85,000원",https://www.top50glasses.com/shop/goods/store.php?category=10&pc=Todar_11_C6
121,투다 11 C5,"19,000원 85,000원",https://www.top50glasses.com/shop/goods/store.php?category=10&pc=Todar_11_C5
122,투다 11 C4,"19,000원 85,000원",https://www.top50glasses.com/shop/goods/store.php?category=10&pc=Todar_11_C4
123,투다 11 C3,"19,000원 85,000원",https://www.top50glasses.com/shop/goods/store.php?category=10&pc=Todar_11_C3
124,투다 11 C2,"19,000원 85,000원",https://www.top50glasses.com/shop/goods/store.php?category=10&pc=Todar_11_C2
125,투다 11 C1,"19,000원 85,000원",https://www.top50glasses.com/shop/goods/store.php?category=10&pc=Todar_11_C1
126,투다 9 C8,"19,000원 85,000원",https://www.top50glasses.com/shop/goods/store.php?category=10&pc=Todar_9_C8
127,투다 9 C7M,"19,000원 85,000원",https://www.top50glasses.com/shop/goods/store.php?category=10&pc=Todar_9_C7M
128,투다 9 C7,"19,000원 85,000원",https://www.top50glasses.com/shop/goods/store.php?category=10&pc=Todar_9_C7
129,투다 9 C6,"19,000원 85,000원",https://www.top50glasses.com/shop/goods/store.php?category=10&pc=Todar_9_C6
130,투다 9 C5,"19,000원 85,000원",https://www.top50glasses.com/shop/goods/store.php?category=10&pc=Todar_9_C5
131,투다 9 C4,"19,000원 85,000원",https://www.top50glasses.com/shop/goods/store.php?category=10&pc=Todar_9_C4
132,투다 9 C3,"19,000원 85,000원",https://www.top50glasses.com/shop/goods/store.php?category=10&pc=Todar_9_C3
133,투다 9 C2,"19,000원 85,000원",https://www.top50glasses.com/shop/goods/store.php?category=10&pc=Todar_9_C2
134,투다 9 C1,"19,000원 85,000원",https://www.top50glasses.com/shop/goods/store.php?category=10&pc=Todar_9_C1
135,투다 6 C8,"19,000원 85,000원",https://www.top50glasses.com/shop/goods/store.php?category=10&pc=Todar_6_C8
136,투다 6 C7M,"19,000원 85,000원",https://www.top50glasses.com/shop/goods/store.php?category=10&pc=Todar_6_C7M
137,투다 6 C7,"19,000원 85,000원",https://www.top50glasses.com/shop/goods/store.php?category=10&pc=Todar_6_C7
